,0
0,https://www.prokabaddi.com/videos/most-do-or-die-raid-points-in-season-8-vivo-pro-kabaddi
1,https://www.prokabaddi.com/videos/top-young-defenders-of-season-8-vivo-pro-kabaddi
2,https://www.prokabaddi.com/videos/top-young-raiders-of-season-8-vivo-pro-kabaddi
3,https://www.prokabaddi.com/videos/patna-pirates-vs-dabang-delhi-kc-post-match-interview-vivo-pro-kabaddi
4,https://www.prokabaddi.com/videos/match-highlights-patna-pirates-vs-dabang-delhi-kc-final-vivo-pro-kabaddi
5,https://www.prokabaddi.com/videos/vivo-pro-kabaddis-first-ever-panga-roundtable-ft-pkl-coaches
6,https://www.prokabaddi.com/videos/bengaluru-bulls-vs-dabang-delhi-kc-post-match-interview-vivo-pro-kabaddi
7,https://www.prokabaddi.com/videos/team-journey-bengaluru-bulls-vivo-pro-kabaddi
8,/
9,https://www.facebook.com/ProKabaddi
10,https://twitter.com/ProKabaddi
11,https://www.instagram.com/prokabaddi/
12,https://itunes.apple.com/in/app/star-sports-pro-kabaddi-official/id1017648067?mt=8
13,https://play.google.com/store/apps/details?id=com.starsports.prokabaddi&hl=en
14,https://www.youtube.com/ProKabaddi
15,https://www.prokabaddi.com/videos
16,https://www.prokabaddi.com/kabaddi-rules-videos
17,https://www.prokabaddi.com/news
18,https://www.prokabaddi.com/features
19,https://www.prokabaddi.com/photos
20,https://www.prokabaddi.com/schedule-fixtures-results
21,https://www.prokabaddi.com/teams
22,https://www.prokabaddi.com/standings
23,https://www.prokabaddi.com/stats
24,https://www.prokabaddi.com/about-prokabaddi
25,/teams/bengal-warriors-profile-4/players
26,/teams/bengaluru-bulls-profile-1/players
27,/teams/dabang-delhi-kc-profile-2/players
28,/teams/gujarat-giants-profile-31/players
29,/teams/haryana-steelers-profile-28/players
30,/teams/jaipur-pink-panthers-profile-3/players
31,/teams/patna-pirates-profile-6/players
32,/teams/puneri-paltan-profile-7/players
33,/teams/tamil-thalaivas-profile-29/players
34,/teams/telugu-titans-profile-8/players
35,/teams/u-mumba-profile-5/players
36,/teams/up-yoddha-profile-30/players
37,https://itunes.apple.com/in/app/star-sports-pro-kabaddi-official/id1017648067?mt=8
38,https://play.google.com/store/apps/details?id=com.starsports.prokabaddi&hl=en
39,https://www.prokabaddi.com/videos
40,https://www.prokabaddi.com/photos
41,https://www.prokabaddi.com/news
42,https://www.prokabaddi.com/features
43,https://www.prokabaddi.com/about-prokabaddi
44,https://www.prokabaddi.com/kabaddi-rules-videos
45,https://www.prokabaddi.com/teams/bengaluru-bulls-profile-1/players
46,https://www.prokabaddi.com/teams/bengal-warriors-profile-4/players
47,https://www.prokabaddi.com/teams/dabang-delhi-kc-profile-2/players
48,https://www.prokabaddi.com/teams/gujarat-giants-profile-31/players
49,https://www.prokabaddi.com/teams/haryana-steelers-profile-28/players
50,https://www.prokabaddi.com/teams/jaipur-pink-panthers-profile-3/players
51,https://www.prokabaddi.com/teams/patna-pirates-profile-6/players
52,https://www.prokabaddi.com/teams/puneri-paltan-profile-7/players
53,https://www.prokabaddi.com/teams/tamil-thalaivas-profile-29/players
54,https://www.prokabaddi.com/teams/telugu-titans-profile-8/players
55,https://www.prokabaddi.com/teams/u-mumba-profile-5/players
56,https://www.prokabaddi.com/teams/up-yoddha-profile-30/players
57,/terms-conditions
58,/privacy-policy
59,https://www.sportzinteractive.net
